"grupodeatributos","codsap","desnombrefantasiacatalogo","desnombreelementocatalogo","desnombrearticulocatalogo","descapacidadcatalogo","descapacidadcatalogo001","descapacidadcatalogo002","destallamedidacatalogo","desbeneficiosslogancatalogo","desfamiliaolfativacatalogo","desnombrelineacatalogo","descomentarioscatalogo","desmaestrocatalogo","destipoproductocatalogo","deshistoriaolfativatextoaprobado","desmodousotextoaprobado","destecnologiatextoaprobado","desbeneficioprincipal","desdisclaimerbeneficioprincipal","desbeneficiosecundario001","desdisclaimersecundario001","desbeneficiosecundario002","desdisclaimersecundario002","desbeneficiosecundario003","desdisclaimersecundario003","desbeneficiosecundario004","desdisclaimersecundario004","desbeneficiosecundario005","desdisclaimersecundario005"
"Comunicaciones","210082937","ESIKA ACC AFRODISIA DAM LENTE",".",".",".",".","ESIKA PAISES","","LENTES","","ESIKA ACC AFRODISIA DAM LENTE","Juanca","Ibarra","","","","","","","","","","","","","","","",""
"Comunicaciones","210084450","","Lentes fast forward","CYZONE FAST FORWARD LENTE","","","","Marco, brazos y lunas de plástico. Medidas aprox. Marco: 14.5 x 5.2 cm / 5.7 x 2” ; Brazos: 13 cm / 5.1”","","","","","CYZONE PAISES","","","","","","","","","","","","","","","",""
"Comunicaciones","210087433","ESIKA ACC TANGER LENTE","m","m","m","m","ESIKA PAISES","m","MAQUILLAJE","m","ESIKA ACC TANGER LENTE","0","","","","","","","","","","","","","","","","",""
"Comunicaciones","200091887","volumanía full black","Máscara para pestañas color intenso y volumen","black","10 g / 0.35 oz.","","","","","","cy","","CYZONE PAISES","","","","","","","","","","","","","","","",""
"Comunicaciones","200096772","power eyes","Delineador retráctil para ojos","metal brick","0.3 g","","","","","","cy","","CYZONE PAISES","","","","","","","","","","","","","","","",""
"Comunicaciones","200096773","power eyes","Delineador retráctil para ojos","metal copper","0.3 g","","","","","","cy","","CYZONE PAISES","","","","","","","","","","","","","","","",""
"Comunicaciones","200096774","power eyes","Delineador retráctil para ojos","metal gold","0.3 g","","","","","","cy","","CYZONE PAISES","","","","","","","","","","","","","","","",""
"Comunicaciones","200096775","power eyes","Delineador retráctil para ojos","metal olive","0.3 g","","","","","","cy","","CYZONE PAISES","","","","","","","","","","","","","","","",""
"Comunicaciones","200096776","power eyes","Delineador retráctil para ojos","metal sky","0.3 g","","","","","","cy","","CYZONE PAISES","","","","","","","","","","","","","","","",""
"Comunicaciones","200096777","power eyes","Delineador retráctil para ojos","metal black","0.3 g","","","","","","cy","","CYZONE PAISES","","","","","","","","","","","","","","","",""
"Comunicaciones","200096778","power eyes","Delineador retráctil para ojos","metal silver","0.3 g","","","","","","cy","","CYZONE PAISES","","","","","","","","","","","","","","","",""
"Comunicaciones","200097060","","Set de labiales studio look x3*","mocha, wine, bronze glitter","Incluye 3 labiales de 6 ml c/u. Tonos: mocha, wine, bronze glitter.","","","","","","Studio look","","CYZONE PAISES","","","","","","","","","","","","","","","",""
"Comunicaciones","200083646","color code","Labial en barra con sabor y aroma*","pink lemonade color","4 g / .14 oz.","","","","color y dulce sabor","","cy","","CYZONE PAISES","","","","","","","","","","","","","","","",""
"Comunicaciones","200085766","color code","Labial en barra con sabor y aroma*","cherry color","4 g / .14 oz.","","","","color y dulce sabor","","cy","","CYZONE PAISES","","","","","","","","","","","","","","","",""
"Comunicaciones","200085770","color code","Labial en barra con sabor y aroma*","fucsia color","4 g / .14 oz.","","","","color y dulce sabor","","cy","","CYZONE PAISES","","","","","","","","","","","","","","","",""
"Comunicaciones","200089189","x-tra time lips mate","Labial de larga duración con acabado mate*","rubí mate","4 g / .14 oz.","","","","acabado con textura soft","","cy","","CYZONE PAISES","","","","","","","","","","","","","","","",""
"Comunicaciones","200089451","color code","Labial en barra con sabor y aroma*","strawberry color","4 g / .14 oz.","","","","color y dulce sabor","","cy","","CYZONE PAISES","","","","","","","","","","","","","","","",""
"Comunicaciones","210075968","","Set de decoración de uñas nails art","CY1514 DECORATIVO NAILS ART","","","Frascos de polietileno y vidrio. Tapa de Poliestireno. Incluye 8 frascos. Medidas aprox. frascos: 3 x 1 cm / 1.1 x  0.4”","Frascos de polietileno y vidrio. Tapa de Poliestireno. Incluye 8 frascos. Medidas aprox. frascos: 3 x 1 cm / 1.1 x  0.4”","","","","","CYZONE COLOMBIA","","","","","","","","","","","","","","","",""
"Comunicaciones","210088527","","Utilitarios pretty eyes","CY UTILITARIOS PRETTY EYES","","","","Estuche y plantillas en PVC; brocha y cepillo: En pelo sintético y poliestireno; y pestañas en nylon. Medidas aprox.: 12 x 1.2 x 11 cm / 4.7 x 0.5 x 4.3”","","","","","CYZONE PAISES","","","","","","","","","","","","","","","",""
"Comunicaciones","210088528","","Audífonos freedom","CY AUDIFONOS FREEDOM","","","","En plástico y silicona. No funcionan con radio. Medidas aprox.: Largo 65 cm / 25.6”","","","","","CYZONE PAISES","","","","","","","","","","","","","","","",""
"Comunicaciones","210089686","","Pulsera treasure found","CY TREASURE FOUND PUL","","","","En metal y vidrio. Medidas aprox.: 19 cm / 7.5”","","","","","CYZONE PAISES","","","","","","","","","","","","","","","",""
"Comunicaciones","210073627","","Collar enamour","CY ENAMOUR COLL","","","De metal bañado en plateado envejecido. Medidas aprox. cadena: 80cm / 31.5’’, dije: 6 x 3.5 cm / 2.4 x 1.4’’","De metal bañado en plateado envejecido. Medidas aprox. cadena: 80cm / 31.5’’, dije: 6 x 3.5 cm / 2.4 x 1.4’’","","","","","CYZONE COLOMBIA","","","","","","","","","","","","","","","",""
"Comunicaciones","210075795","","Collar curious","CY_ CH  CURIOUS COLL","","","En metal bañado en dorado brillante, plateado brillante y hematite. Medidas aprox.: cadena corta: 70cm/ 27.5”, cadena mediana: 80 cm/ 31.5” , cadena larga: 90 cm/ 35.4”","En metal bañado en dorado brillante, plateado brillante y hematite. Medidas aprox.: cadena corta: 70cm/ 27.5”, cadena mediana: 80 cm/ 31.5” , cadena larga: 90 cm/ 35.4”","","","","","CYZONE COLOMBIA","","","","","","","","","","","","","","","",""
"Comunicaciones","210082001","","Collar across","CY CHICO ACROSS COLL","","","En tipo cuero y metal. Medidas aprox. cordón: 60 cm / 23.6” + 5 cm / 1.9” de extensión. Cruz: 3.7 cm/ 1.4”","En tipo cuero y metal. Medidas aprox. cordón: 60 cm / 23.6” + 5 cm / 1.9” de extensión. Cruz: 3.7 cm/ 1.4”","","","","","CYZONE PAISES","","","","","","","","","","","","","","","",""
"Comunicaciones","210088820","","Set de collares black & gold x2","CY BLACK AND GOLD SET COLL X2","","","","En tipo gamuza, metal y vidrio. Medidas aprox.: choker: 20.5 cm; collar: 30.5 cm / choker: 8”; collar: 12”","","","","","CYZONE PAISES","","","","","","","","","","","","","","","",""
"Comunicaciones","210081167","","Vincha rhine cluster","CY RHINE CLUSTER VINCHA","","","De caucho. Medidas aprox.: 54 cm /21.2”","Vincha elasticada con cadena en baño plateado, cabuchones y cristales.Medidas aprox.: Dije 5 cm x 3.5 cm / 1.9 x 1.4""; vincha completa 54 cm/ 21.3""","","","","","CYZONE PAISES","","","","","","","","","","","","","","","",""
"Comunicaciones","210075777","","Estuche de aretes beauty dozen x12","CY BEAUTY DOZEN EST AREX12","","","En metal bañado en plateado brillante, plateado envejecido, bronce envejecido y dorado. Medidas aprox.: arete largo: 4 cm/ 1.5”","En metal bañado en plateado brillante, plateado envejecido, bronce envejecido y dorado. Medidas aprox.: arete largo: 4 cm/ 1.5”","","","","","CYZONE COLOMBIA","","","","","","","","","","","","","","","",""
"Comunicaciones","210075779","","Estuche de aretes booggie x7","CY BOOGGIE EST ARE X7","","","Metal bañado en plateado brillante, bronce envejecido y dorado brillante. Con cabuchón y esmalte. Medidas aprox.: largo arete: 5.3 cm/ 2.1”","Metal bañado en plateado brillante, bronce envejecido y dorado brillante. Con cabuchón y esmalte. Medidas aprox.: largo arete: 5.3 cm/ 2.1”","","","","","CYZONE COLOMBIA","","","","","","","","","","","","","","","",""
"Comunicaciones","210077404","","Estuche de aretes complicity x12","CY COMPLICITY EST ARE X12    C13/14","","","Metal bañado en plateado brillante, pleateado envejecido, bronce envejecido y dorado brillante. Medidas aprox.: largo de arete largo: 5.7 cm/  2.2”","Metal bañado en plateado brillante, pleateado envejecido, bronce envejecido y dorado brillante. Medidas aprox.: largo de arete largo: 5.7 cm/  2.2”","","","","","CYZONE COLOMBIA","","","","","","","","","","","","","","","",""
"Comunicaciones","210078491","","Estuche de aretes aeroglam x12","CY AEROGLAM EST ARE X12","","","Bañados en plateado brillante y envejecido, dorado brillante y envejecido y cabuchón plástico. Con cuentas y cristales. Medidas aprox.: Largo de arete largo: 5.1 cm / 2.0”","Bañados en plateado brillante y envejecido, dorado brillante y envejecido y cabuchón plástico. Con cuentas y cristales. Medidas aprox.: Largo de arete largo: 5.1 cm / 2.0”","","","","","CYZONE COLOMBIA","","","","","","","","","","","","","","","",""
"Comunicaciones","210082010","","Estuche de aretes pretzy x9","CY PRETZY EST ARE X9","","","Cabuchón de plástico, metal. Medidas aprox.: Finding: 3 cms/ 1.2”, arete largo con cadena: 3.5 cm/ 1.4”","Cabuchón de plástico, metal. Medidas aprox.: Finding: 3 cm/ 1.2”, arete largo con cadena: 3.5 cm/ 1.4”","","","","","CYZONE PAISES","","","","","","","","","","","","","","","",""
"Comunicaciones","210083945","","Estuche de aretes premisse x12","CY PREMISSE EST ARE X12","","","","De metal bañado en dorado y plateado brillante, con cuentas tornasoladas y esmaltes de colores. Largo aprox. arete largo: 5.3 cm / 20.8”. Largo aprox. argollas: 1 cm / 0.3”","","","","","CYZONE PAISES","","","","","","","","","","","","","","","",""
"Comunicaciones","210088834","","Estuche de aretes triangle x3","CY GOLD TRIANGLE EST ARE X3","","","","En metal y plástico. Postes y pasadores libres de níquel. Medidas aprox.: entre 1.1 cm y 3.2 cm / 0.4 y 1.3”","","","","","CYZONE PAISES","","","","","","","","","","","","","","","",""
"Comunicaciones","210088488","","Bolso frida","CY BOLSO FRIDA","","","","En material tipo cuero. Medidas aprox.: 22.2 x 5 x 16.5 cm / 8.7 x 2 x 6.5”","","","","","CYZONE PAISES","","","","","","","","","","","","","","","",""
"Comunicaciones","210085231","","Maletín standout","CY MALETIN STANDOUT","","","","En poliéster con detalles en material tipo cuero. Medidas aprox.: 87 x 17.5 x 32 cm / 33.6 x 6.8 x 12.4”","","","","","CYZONE PAISES","","","","","","","","","","","","","","","",""
"Comunicaciones","210088905","","Maletín power","CY MALETIN POWER REAC","","","","En poliéster. Medidas aprox.: 43 x 18.2 x 30 cm / 17 x 7.2 x 11.8”","","","","","CYZONE PAISES","","","","","","","","","","","","","","","",""
"Comunicaciones","210087731","","Billetera big boss","CY BILLETERA BIG BOSS","","","","En material tipo cuero. Medidas aprox.: 11 x 9.3 cm / 4.3 x 3.7”","","","","","CYZONE PAISES","","","","","","","","","","","","","","","",""
"Comunicaciones","210088475","","Portatodo split","CY PORTATODO SPLIT","","","","En material tipo cuero. Medidas aprox.: 18 x 10.5 cm / 7.1 x 4.1”","","","","","CYZONE PAISES","","","","","","","","","","","","","","","",""
"Comunicaciones","210088476","","Billetera olive","CY BILLETERA OLIVE","","","","En material tipo cuero. Medidas aprox.: 13.2 x 11.7 cm / 5.2 x 4.6”","","","","","CYZONE PAISES","","","","","","","","","","","","","","","",""
"Comunicaciones","210088482","","Billetera gloss","CY BILLETERA GLOSS","","","","En material tipo cuero. Medidas aprox.: 19 x 10 cm / 7.5 x 3.9”","","","","","CYZONE PAISES","","","","","","","","","","","","","","","",""
"Comunicaciones","210088484","","Billetera mate","CY BILLETERA MATE","","","","En material tipo cuero. Medidas aprox.: 19.5 x 11 cm / 7.7 x 4.3”","","","","","CYZONE PAISES","","","","","","","","","","","","","","","",""
"Comunicaciones","210088494","","Billetera studs","CY BILLETERA STUDS","","","","En material tipo cuero con detalles de metal. Medidas aprox.: 19 x 10 cm / 7.5 x 3.9”","","","","","CYZONE PAISES","","","","","","","","","","","","","","","",""
"Comunicaciones","210076741","","Reloj game on","CYZONE GAME ON RELOJ","","","Marco de alloy, tapa posterior y perilla en stainless steel, correa de caucho. Medidas aprox.: diámetro marco: 4.2 cm/ 1.6”, largo correa: 24 cm/ 9.4”","Marco de alloy, tapa posterior y perilla en stainless steel, correa de caucho. Medidas aprox.: diámetro marco: 4.2 cm/ 1.6”, largo correa: 24 cm/ 9.4”","","","","","CYZONE COLOMBIA","","","","","","","","","","","","","","","",""
"Comunicaciones","210082889","","Reloj sunlight","CYZONE SUNLIGHT RELOJ","","","","Marco de metal alloy con aro de plástico y correa de caucho. Medidas aprox.: Marco: 4 x 4.8 cm /1,6 x 1,9”; Correa: 1.9 x 23 cm /0,7 x 9”","","","","","CYZONE PAISES","","","","","","","","","","","","","","","",""
"Comunicaciones","210071596","","Azafate usefull boy","CY0713 AZAFAT USEFULL BOY GRIS","","","Lámpara de abs, tapa de mdf, base de polar fleece y relleno de polyfoam. Medidas aprox.: 38 x 27 x 7 cm / 15 x 11 x 3”*","Lámpara de abs, tapa de mdf, base de polar fleece y relleno de polyfoam. Medidas aprox.: 38 x 27 x 7 cm / 15 x 11 x 3”*","","","","","CYZONE COLOMBIA","","","","","","","","","","","","","","","",""
"Comunicaciones","210083814","","Plancha cool style","CY PLANCHA COOLSTYLE CL","","","","Placas lisas de aluminio con recubrimiento de cerámica. Placas con acabado “crimped” de aluminio. Temperatura máxima 193ºC ±10. Medidas aprox.: 29 x 5 x 4.5 cm / 11.4 x 1.9 x 1.8 ‘’","","","","","CYZONE PAISES","","","","","","","","","","","","","","","",""
"Comunicaciones","210085239","","Depilador perfect skin","CY DEPILADOR PERFECT SKIN","","","","Mango de polipropileno y resorte de acero inoxidable. Medidas aprox.: 19.3 x 1.4 x 1.4 cm / 7.5 x 0.5 x 0.5”","","","","","CYZONE PAISES","","","","","","","","","","","","","","","",""
"Comunicaciones","210068669",".","Short black n button","cy black n button short neg xs",".",".",".","xs",".",".",".",".","CYZONE COLOMBIA",".",".",".",".",".",".",".",".",".",".",".","..",".",".",".","."
"Comunicaciones","210082921","","Parlante party everywhere*","CY PARLANTE PARTY EVERYW MX","","","","En silicona y plástico. Parlante y speaker bluetooth. Incluye cable USB para cargarlo. Medidas aprox.: 6 x 6 x 6 cm / 2.3 x 2.3 x 2.3”","","","","","CYZONE PAISES","","","","","","","","","","","","","","","",""
"Comunicaciones","210082802","","Plancha dreamy hair","CY PLANCHA DREAMY HAIR CL","","","","De plástico con placas de aluminio y recubrimiento de cerámica. Medidas aprox.: 26 x 40 x 30 cm/ 10.2 x 15.7 x 11.8”","","","","","CYZONE PAISES","","","","","","","","","","","","","","","",""
"Comunicaciones","210086292","","Alisador enchant me","alisador enchant me","","","","50% aluminio y recubrimiento en cerámica.Temperatura máxima: 195 °C. Voltaje: 110-240 V. Medidas: 7.5 x 27.5 x 4 cm / 3 x 11 x 1.6”.","","","","","CYZONE PAISES","","","","","","","","","","","","","","","",""
"Comunicaciones","210084348","","Cómoda 4u","CY COMODA 4U","","","","Estructura metálica (hierro) y paneles frontales en tela no tejida. Medidas aprox.: 40 x 33 x 82 cm / 15.7 x 12.9 x 32.2”","","","","","CYZONE PAISES","","","","","","","","","","","","","","","",""
"Comunicaciones","210076998","","Set de depilación smooth skin","CY0914 SET SMOOTH SKIN LILA","","","En caucho y sand paper. Medidas aprox.: depilador de mano: 12 x 8 x 3 cm/ 5 x 3 x 1”, depilador de dedo: 8 x 4 x 2 cm/ 3 x 2 x 1”","En caucho y sand paper. Medidas aprox.: depilador de mano: 12 x 8 x 3 cm/ 5 x 3 x 1”, depilador de dedo: 8 x 4 x 2 cm/ 3 x 2 x 1”","","","","","CYZONE COLOMBIA","","","","","","","","","","","","","","","",""
"Comunicaciones","210081892","","Lámpara colorfull","CY lámpara COLORFULL","","","","EN acero inoxidable y plástico. Utiliza 3 baterías AAA (no incluidas). 30000 horas de vida de luz led. Medidas aprox.: diámetro cuerpo: 8 cm/ 3.1” ; Alto: 12 cm/ 4.7” ; Diámetro base: 6.8 cm / 2.7”","","","","","CYZONE PAISES","","","","","","","","","","","","","","","",""
